gene_1,gene_2,gene_3,gene_4,gene_5,gene_6,gene_7,gene_8,gene_9,gene_10
0.5793921050170474,0.08958243900513052,0.3221434628204064,0.2678273219330445,0.3529483939247514,0.08629018577518466,0.3288580087209517,0.805289843400833,0.2532370324461537,0.7019404422857668
0.3147820200173864,0.6845242125761852,0.6655859167618242,0.13132031484162865,0.6099566306611152,0.037349303689779845,0.9869603994344414,0.3006088258025209,0.06604047918951717,0.9047094480035426
0.08504691667694064,0.31763900068301243,0.6010936362743368,0.23817390413455186,0.9891925445559524,0.699113079859123,0.8570796969260652,0.1266310809923593,0.8140558056594696,0.6368622102685008
0.6414886991560123,0.024556515502984655,0.5206155067653536,0.22374217731904433,0.14329710048572208,0.08871330282119894,0.8272545365700245,0.9272502036011585,0.8874015562202199,0.05175933485474293
0.8037480247711253,0.49659003206678254,0.630296632150355,0.01700447094755919,0.6877613967687661,0.29263185660263424,0.4956575506930856,0.12254332417212188,0.42172690332518925,0.6235402613121319
